PID,family_id
LLW3-F97,0
LLWQ-R9J,0
LY9M-XX6,1
LY9M-C28,1
LT1K-D7M,2
LT1K-K61,2
GSC2-QWF,3
GSC2-41H,3
LB3G-YNR,4
LB3G-R1C,4
27N9-WCF,5
KNBR-24Z,5
GSC2-F5R,6
GSZ3-2RS,6
GSXT-Y43,6
GSCT-3PQ,7
L5CY-FLL,7
L465-62K,8
GSCY-N43,8
99MN-VVX,9
LV9G-JT8,9
27XN-P95,10
LYXG-HKJ,10
9CX5-LL4,11
LX7M-2RN,11
LV2R-2V7,12
GSC2-PJL,12
GSCK-1WZ,13
G9CQ-3HK,13
L6PV-VCD,14
L6PV-K93,14
LBW1-VSG,15
LBW1-KQN,15
GMFL-3D6,16
LB4D-JNK,16
LLCH-C93,17
LLCH-WX1,17
LKG3-2KV,18
LKG3-2TC,18
L87J-TBK,19
L5YP-733,19
LZT5-HLD,20
G931-8LY,20
LRM6-KPC,21
LRM6-28H,21
GSCT-BK1,22
LYMF-3TD,22
LTLP-F9F,23
GSCT-4SL,23
GSC2-V9K,24
GSC2-WKL,24
L77R-H9J,25
G92X-WZV,25
LTXY-H64,26
LVCQ-TM7,26
LB45-R3F,26
L2LF-VZ7,26
GSCT-MD7,27
GSDS-ZYX,27
LRCP-XBG,28
LRCX-Z9Q,28
GSCY-J61,29
K2R6-Y9Y,29
LY76-9VB,30
LY76-5SD,30
L18K-NK1,31
LTF5-FCR,31
LH7Y-LKW,32
LH7Y-L2V,32
KFPZ-2CP,32
LH7Y-LRT,32
LBL7-H95,33
L1M3-21K,33
KLDN-HGH,34
9KGQ-CWD,34
K4DP-MJL,35
LTTB-8C7,35
L7Z5-5CG,36
LVH5-Y23,36
GSCG-1C7,37
GSCP-DHJ,37
9MGL-DQP,38
LVZ2-9BY,38
GSCT-DGS,39
GS82-76C,39
GS6L-M5W,39
GSC1-N69,40
GSJ6-DQ8,40
GSCT-Y4F,41
GSVK-M36,41
LZP6-NWM,42
MXH8-284,42
LJL5-5MN,43
LH5D-98C,43
L13K-6DR,44
LRNJ-3R9,44
GSC2-782,31
MGY4-LZC,45
MGYZ-ZF1,45
KFR4-7ZL,46
K8ZB-644,46
GSCK-FH1,10
L74G-89P,47
LYL3-8YN,47
9KDP-N1H,48
LT2D-Y6Y,48
L89P-SSK,49
LVND-FYT,49
GSCR-4LQ,50
L5J2-2VT,50
GSCK-TD8,13
GSCT-WDB,51
L14Y-39N,51
GSCR-17N,52
GSXY-HWM,52
L5BB-5DL,53
GS8D-6Q4,53
LVD6-SN1,54
M1DN-SDG,54
LV74-PP5,55
GSCR-VMD,55
GM23-JB1,56
GM23-TGC,56
L48H-ZZ4,57
MV2W-KRC,57
G9V9-D8T,58
G95Q-FH5,58
KHWV-CCD,57
KJPN-TM7,59
KN7Z-1X1,59
KNQR-7BR,59
LD19-FLJ,60
LQRX-8RZ,60
94DK-NY1,61
26KN-GXZ,61
9KG5-T1F,62
L22G-2MX,62
GSCY-39F,63
GSFQ-35Q,63
LRFR-W4P,64
LRFR-SSN,64
LKVR-JPH,65
LCZJ-JSX,65
GSCT-SRK,66
GSZ7-MRP,66
L58T-M45,66
27DT-WD4,67
LYNQ-R6N,67
L2YR-SYL,68
LTWT-R8J,68
LYN4-F28,69
GM9N-NXH,69
L6CS-HHJ,70
L6CS-CMJ,70
LL9M-9T8,71
LTKW-HRS,71
GSCT-QDM,51
GSCR-6SR,72
LY9B-RG5,72
LHYL-FZW,73
LCCV-CFS,73
L51H-391,74
L51H-C53,74
LBGZ-7HP,75
LBGZ-Z9H,75
L7SM-4VS,50
GSCY-72Z,76
GSZ7-RT2,76
GSWN-K6W,77
GSZZ-PNS,77
GSCT-L4S,78
GSJZ-RVF,78
LY4Q-15T,79
LDML-9Q1,79
K8JZ-SQG,56
LVY8-ZF5,80
LVY8-ZJW,80
LKJB-DBQ,81
GSJF-VJN,81
MWRR-KGV,82
LTNG-QV5,82
9VHL-NN2,82
LTRW-2R7,83
LXM5-MQM,83
K25H-THD,16
LRKL-73W,84
L61Y-NWY,84
L2SW-KRD,85
L2SW-24L,85
LK72-KH3,86
L4X7-HRK,86
GSFM-KM1,86
KNBR-2QV,5
GSCT-X27,87
GSCT-4Q2,87
LCFX-NHM,88
LCQ3-CYG,88
KDW3-7Z4,89
LD9J-J7P,89
GMDS-WF5,89
GSCY-RD9,90
GSCY-RTV,90
GSCT-F5F,91
GSCT-F5Y,91
LZBB-397,92
L58L-J5X,92
GSCR-GQH,93
no_pid_1292,93
LYPP-8LL,94
LYPP-8LQ,94
LLH5-3LW,95
no_pid_477,95
LJYF-87L,96
LJYF-84H,96
LYJC-BF9,97
LZBM-H8G,97
GSCY-LQV,98
GS8H-J8F,98
GSCL-YSB,99
GSZ3-PSM,99
GS6X-C7W,99
LKGT-7P7,100
GS6D-6NQ,100
GSCT-MYY,62
L1HQ-3J3,101
L1HQ-MRT,101
no_pid_352,101
L26F-FTG,102
LB8L-D6S,102
LBFQ-YV5,102
GSC2-T4T,12
299N-TH8,103
GSNN-RBS,103
KJGC-7ZC,104
LXQT-FBR,104
LXQT-F1N,104
LB1Q-M4X,105
L2RF-XGV,105
L6TT-D64,105
L1VM-R55,106
L1VM-PVT,106
GSC2-4WC,107
GSC2-Z13,107
MK42-59Q,108
LH6K-T1L,108
K2PJ-JZV,83
GSZZ-RVH,109
GSFQ-ZYM,109
GM4C-Q6N,110
LY7D-4V1,110
GSZZ-TQR,111
GSZZ-83Q,111
LKFX-F5J,112
LKFX-FY7,112
GSZ3-DJL,113
GS8X-QP5,113
GS6Y-81P,113
9MSY-CDK,114
L24G-QCG,114
GSZQ-ZFZ,115
no_pid_1355,115
GSZ3-ZY6,116
GS66-ZJ5,116
L14S-35S,117
L14S-HQ1,117
GSZ8-831,118
GS88-TZF,118
MYYN-GL6,119
K8KC-8YL,119
MYYN-GLP,119
GSZD-NQQ,120
GS8L-VHJ,120
L56P-BMN,121
L565-WN5,121
L16N-G53,122
L16N-5M9,122
GSZQ-W4D,123
GSKL-61K,123
LYWS-PRY,124
LYW3-S8F,124
KCVH-162,125
218J-MCB,125
L4JG-QTF,126
L4JG-7DT,126
GSZ3-2DV,127
GSNL-BB1,127
LBYY-4PP,128
GSJS-FWN,128
GSZW-SDS,129
GS6K-81S,129
GSZQ-32C,130
no_pid_1216,130
L216-VYS,131
L216-2XJ,131
L6C4-VK9,132
L6C4-VL4,132
L2PR-JZS,133
LR8Z-NK3,133
GMZH-413,134
GMZH-853,134
GMZH-DZV,134
GSZW-WBV,135
GSZW-Q7L,135
LKVW-R8P,136
LKVW-RDX,136
LKVW-R7R,136
LT7P-G2C,137
LT75-75P,137
GSZ4-NKL,138
LR52-7LG,138
GSZD-QFZ,139
GSNR-419,139
G9V6-4P9,140
G9P1-R1L,140
LTGC-2YR,141
LTGC-L6P,141
GSZQ-7KZ,142
GS83-HSV,142
GSF8-5K9,142
GSZD-DY6,143
GS6T-LQB,143
L5TB-7GN,144
L5Y9-YWT,144
GSZD-FKL,145
LY1S-JDY,145
L2QH-95N,146
L2QH-9RJ,146
LZ8Q-W7W,147
LJJF-47K,147
L1DH-B3B,148
L1DC-9H1,148
GM5Q-BXN,149
GSVJ-XK7,149
GSZ3-Z71,150
GSHC-5S8,150
LVHX-NN7,151
LVHX-NNY,151
G9KR-5FH,152
LRJ9-TK5,152
LR3J-63T,153
L1M4-PH3,153
KLWV-2HC,154
2X9W-3L3,154
LVVK-66V,155
LVVK-6NY,155
LCFL-8S4,155
L26L-ZD3,156
GM78-9K6,156
LY1B-11B,157
GSJ6-4DJ,157
LT9G-TMQ,158
LT9G-TT5,158
L1BV-GJ1,159
L1BV-JGZ,159
LC8C-PP5,160
LC8C-TTZ,160
KFKN-R38,161
GS8L-4DR,161
GSZD-M2F,162
GSZD-M7H,162
GSZD-3XC,162
LRKC-BH6,163
LRKZ-ZS3,163
LRKC-BRF,163
L14Q-FC3,164
GS8G-MJD,164
9HHV-2ZD,165
9HHV-2ZB,165
GSZQ-DK9,166
KHPZ-SQP,166
L5CP-8Y4,167
L5CP-4G3,167
26L8-D71,168
K8GS-JD5,168
L3FW-DPP,168
L3FW-DYW,168
GSZZ-6JP,169
GS67-4RJ,169
L8QX-BHY,170
L8QX-BW8,170
GSZH-8B3,171
GS84-VM9,171
GSZZ-PF1,172
GSVK-9FW,172
LJPF-5YD,173
LJPF-5L3,173
GSZQ-SF4,174
GSZQ-HJM,174
KWVQ-4C7,175
KWVQ-4H8,175
L42F-636,176
L5JR-35J,176
LLC6-BWG,176
LRV5-C9L,177
GSV2-P8Z,177
L2ZR-2H3,178
no_pid_814,178
LB2Q-HDH,179
LB2Q-8Q4,179
27XV-5C6,180
GSQZ-V36,180
GSZZ-V5F,181
GSZZ-NS9,181
L6SC-DPH,182
L6SC-8JC,182
LFCY-8FG,183
G9KG-BJ6,183
LV86-9S5,184
LV86-9QX,184
LW1S-G75,185
LW1S-G7P,185
9XCW-NVM,186
9XCW-NVQ,186
LK9S-B5T,187
L5PY-KTD,187
GSZ3-8NQ,188
GS8X-QZK,188
G9KH-4KS,89
L5NP-NML,189
L5NP-J3M,189
L659-1DW,190
GS8Q-RGB,190
GSFJ-SBQ,190
M19J-PK8,191
LCY3-LGX,191
GSZQ-2WP,192
GSZQ-2PB,192
GSZ7-YC4,193
GSLM-SHR,193
KPSG-MBM,194
GS83-L61,194
L1GM-3PX,195
L1GM-Q8S,195
LT9W-7S1,196
LT9W-73C,196
LT9W-WW4,196
KLCD-QLZ,197
L11L-9S2,197
LYZP-TQ6,198
LYZ5-38Q,198
LZTW-DP8,199
L2MY-92T,199
L692-44B,200
LRWP-PT3,200
LHQ8-J98,126
LRWN-JPK,201
LRWN-83P,201
LRWN-294,201
GSZ3-6N8,202
GSF8-98W,202
GM48-6NS,203
GM48-XJP,203
L2M2-7MG,204
L2M2-7SM,204
LWPX-1RQ,205
LXSW-19Y,205
LD5P-KQZ,206
LR5G-J2V,206
K2R9-DH1,207
GSZQ-MH7,207
L5T4-6P6,201
L69K-LBN,208
L69P-JQD,208
LLSX-D4W,209
LBV4-KJY,209
LZJ9-9CH,210
LZJ9-9CS,210
LZJM-7DY,211
LZJM-HT6,211
LZJM-8BC,211
KC6S-QP9,212
LH7K-3WV,212
GS84-T21,213
GSXV-6ZR,213
GS83-XK5,214
GS83-NPS,214
GS8D-RZF,215
GS6T-VTP,215
L5V6-M6G,216
L5VG-Z68,216
GS83-6P5,217
GSFZ-BR7,217
LRWY-WQM,218
94YY-43W,218
GS83-6DV,219
LJL1-MLH,219
GS84-6WX,220
GS62-YFW,220
GS8W-Y5Y,221
GSDS-ZBL,221
GS84-568,222
GSNZ-FT5,222
GS83-4KF,223
LTFC-HFT,223
LRLS-BDP,224
LRL3-977,224
LRWQ-GJ3,225
LRWQ-TW4,225
LRWQ-53F,225
GSZ6-1NM,226
GSZX-W7P,226
GS83-2QJ,227
LR43-6M8,227
GS8Q-Z24,228
GS8Q-CJ7,228
GS8H-D5M,229
GS8H-NQ7,229
K85T-NK2,230
K4PF-BJ2,230
L6HD-KXL,231
GSJ6-821,231
9WPD-RFF,232
9WPD-4LZ,232
LKDV-QND,233
G9LZ-ST3,233
L81J-9NJ,234
L583-MFQ,234
GS84-RGY,235
MH5V-1CW,235
MRMQ-6J1,236
MRMQ-6J7,236
LTMT-TZC,237
KLZ4-W1H,237
2WNH-ZZW,238
LJJ4-CKL,238
LXSK-TP5,239
LY6M-8SG,239
GSVR-PDF,239
LWYL-V14,240
LWYL-K3M,240
GS8D-RZB,241
LRM9-N45,241
LYT7-2HG,242
L2H5-KKZ,242
GS83-6V8,243
GSD3-DJD,243
GS8W-F31,244
GSLB-GDT,244
MNBV-C57,245
26L8-B7W,245
LY8F-H8N,246
L191-X6X,246
GS8Q-Y5F,247
KHB9-BBG,247
LL98-SX3,248
LL98-SKT,248
L2FW-C2M,249
L2FW-C8H,249
LYJ2-5ZD,250
LYJL-S89,250
LTQM-PCP,251
G9JP-JK6,251
G9GW-M5J,252
GSZD-TB8,252
GS8D-GFX,253
LXTF-SKW,253
GS8Q-W7Q,254
GS66-RFL,254
LJKY-JKQ,255
KFLL-YY8,255
9Q8N-GP8,256
GSXK-Z9B,256
GS8W-F7P,257
GS6K-S2S,257
GS84-FQ4,258
GSF3-7YX,258
KZPD-7YS,259
KCZS-BH7,259
GMTS-42P,260
GMTS-67M,260
GS8H-3XX,261
LVQ4-7GG,261
9KXP-VMM,262
9KXP-VMQ,262
G34X-4WW,262
GS8W-9LG,263
GS8K-VX6,263
GS83-6FV,264
no_pid_2026,264
LDHL-VZ7,265
9KGV-LM9,265
GS8W-9GG,263
LBYJ-DJT,266
LBYV-ZJF,266
LYBB-56R,267
LYBB-GRV,267
L8SM-45T,268
L24T-S7V,268
LVKQ-P59,269
LCJ8-SFB,269
LCP2-5C9,270
GM9V-NYP,270
GS8W-RVK,271
no_pid_490,271
GS84-849,272
GS84-7G6,272
2Z8Q-3KW,273
9KFN-4ZF,273
L84M-Z74,274
L84M-Z43,274
LB61-RV9,275
LBXH-BW1,275
GS8W-MS9,276
G9CL-V52,276
GS84-1F6,277
GS62-KJV,277
LZ5M-21N,278
no_pid_2640,278
LYH4-GPB,279
LYH4-C28,279
LV48-1RC,280
9HRF-HD9,280
LV48-1YS,280
L5Y8-6F3,281
L5Y8-6XD,281
L2BV-75T,282
L2BV-48P,282
L58W-MP6,283
LLMD-FQ9,283
GSZD-TNC,284
GS86-B6L,284
GMJY-7TP,285
GSZ6-WRK,285
MRNN-GM1,286
KZLD-13Y,286
LC51-8QL,287
L2BG-NGF,287
L19N-MP9,288
L19N-CMC,288
GS8D-5GX,289
GSF7-R49,289
GS8Q-L2Q,290
L5B4-8R8,290
LHZ7-MFG,291
LHZ7-M1R,291
L5FZ-226,285
GSZX-HPQ,292
GSDS-J71,292
LR4N-ZGM,293
LR4N-CZ1,293
LB71-R74,294
9V94-2BD,294
9K6C-3MX,295
KH1K-CZK,295
2SX7-CR2,296
GS6V-SLC,296
LHX1-T8S,297
LDPX-GKF,297
LTLV-GJT,220
LV1Q-XBJ,298
LL41-GHZ,298
LL41-GVN,298
LBNX-D3P,299
L2BW-1XD,299
LX3F-NMV,300
LX3F-NQT,300
GS8D-Z7S,301
GSJD-1W5,301
L4C1-8VY,302
L4C1-8LX,302
K2R8-HK1,303
L8K2-SW2,303
L13X-7J4,304
LBJQ-H5D,304
GMNZ-G63,305
GMR3-L4J,305
LVYB-6JM,306
M49N-7G5,306
G9RY-3MV,307
GSVY-D8B,307
GS8K-RCQ,308
GSXY-9FC,308
LCJN-T6M,309
LCJN-TX2,309
LDNL-F59,310
LKDT-VBQ,310
L6J8-WHQ,311
LJ18-V8Z,311
MCKX-5BJ,312
MCKX-5B5,312
GS8X-3SS,313
GS86-LD1,313
GS8X-4FH,313
GM56-51F,314
LTWC-YR5,314
LRG8-RPC,315
LRG8-RPV,315
LRGD-9WT,315
KF52-KBS,316
LB8B-XQF,316
LLWM-W9G,317
LLWM-W3H,317
LB78-FQM,318
L2GG-48B,318
GS8X-CHK,319
GSXY-HS8,319
GS8L-NXH,320
GS8L-FB2,320
GS8L-1ST,320
LY86-YCR,321
LYH3-C6C,321
GS8K-KNL,322
GS8K-XWQ,322
9N73-25C,323
9N73-25Z,323
GS82-R7B,324
GSFQ-HJS,324
LT5Q-ZGG,325
LD59-2Z5,325
GS8L-X7F,326
LYGL-T6B,326
LKCS-8J8,327
LKCS-8KM,327
GS8X-WFT,328
K458-JM1,328
L6QN-RG5,329
L6QN-RP8,329
LKH9-8V1,330
GSVC-PDK,330
G95G-VS7,331
LR9G-9PT,331
MSPD-X16,332
MSPD-FM7,332
GS86-RC2,333
GSF8-MD9,333
L1SV-4S4,334
K8ZB-FC7,334
LXZ3-76P,164
LKJR-S79,335
L2NL-21Q,335
KZFC-3MR,336
KZNN-5MD,336
LKQV-VMD,337
LKQV-KTY,337
LKQV-K1F,337
2SH9-TJS,338
GSF3-W4N,338
GS8F-M54,339
GSJQ-BBC,339
L6D5-JLC,340
GSXL-6D6,340
LDS3-Y35,341
LTNV-4QL,341
MKDV-HT9,342
KHG5-W61,342
GS8L-ZW9,343
LDJX-WK1,343
GS82-K5X,344
GS6R-GDJ,344
GS8K-NCF,345
GSFK-BNZ,345
G34V-16N,345
LB9P-9JP,346
LB9P-N88,346
LW35-F2Z,347
GSVC-CR3,347
LDTC-2H2,348
LRV5-Z3K,348
LKKL-3V5,349
LKKL-99D,349
GS8F-CL9,350
GS6K-6X7,350
L1TW-4QQ,351
LRML-YT2,351
LR3Q-Y8Z,352
LR3Q-BZT,352
GMLF-894,353
GMLF-XH5,353
L163-6N3,354
L163-9S8,354
K4LQ-7PK,354
LTQS-QSL,355
GSFZ-LK4,355
G37T-85Y,355
GMV7-535,356
GMV7-LK3,356
LV6G-1YP,357
LV6P-M22,357
GS82-ZXT,358
GS6Y-947,358
GSCK-5LH,359
GSCK-VL8,359
MZ83-FPD,360
LYTT-T34,360
GS8G-4D7,361
L5Z3-FN3,361
LTF5-SCT,362
LTGN-J5R,362
LR1T-MVK,363
LBG6-LH6,363
GS8L-Z9T,364
GS82-1SR,364
GS8L-FDC,365
LVV9-WTJ,365
L17W-WQV,366
GMYT-Q73,366
L5LF-G74,367
L5LF-TQ7,367
GMR9-MZT,368
GS6Y-CR7,368
L2FW-R37,369
LVDB-13S,369
LY8T-ZRR,370
LY8T-DFT,370
L27S-LRR,371
L2H3-KXK,371
GS82-2TK,372
LRHJ-ZD1,372
LRHJ-CCB,372
9XJJ-PLS,373
LHR6-C3R,373
LRG7-Z2R,374
LRG7-HCY,374
MQCH-PC5,375
MQCH-5QN,375
GS8G-MVN,376
GSJ6-H6F,376
no_pid_820,376
LYB9-B4R,377
LYBQ-SS4,377
GMXL-QQY,378
LRXD-BZ8,378
GS82-CS3,379
L653-M91,379
L1GM-TG3,380
no_pid_61,380
GMQ4-FMK,381
no_pid_1146,381
L62H-YHM,382
L62L-Q89,382
L27D-RXK,383
L27D-BZS,383
M1DN-QS9,384
2Z9F-ZBJ,384
LKNK-BM7,385
LKNK-BZ2,385
GS8G-HMD,386
GS8G-7TD,386
KF2B-ZDZ,387
9VSL-PHT,387
GS8L-3NL,388
GSJD-F6T,388
L1GD-F6M,389
L5DT-CGZ,389
LD1B-D7X,390
LD1B-D8S,390
GS86-3FP,391
G37K-Q6J,391
GS8F-KRX,392
GS8F-QYT,392
GS86-2QP,393
GSVC-MZV,393
LTL6-4LK,394
GSK6-RDJ,394
GS86-J65,395
L18T-MVK,395
LR51-P4G,396
LR51-KDK,396
LR6S-KNX,397
GSFC-9DY,397
K8M9-ZLL,341
L2J1-1J3,398
9VJD-QHY,398
LB4V-2SW,399
L19G-CL5,399
9KGG-N3P,400
LK4Y-KL7,400
9S6G-6QP,13
LYZW-2W8,401
L5GZ-FY7,401
GSD8-RDG,402
GSNC-JQX,402
GSD8-34Y,403
GSJ3-1RB,403
L1ZR-6CG,404
L1ZR-6R5,404
LLM8-SXG,405
KCKV-5S8,405
MC2D-CV1,406
LB85-PXP,406
LLW5-SLM,407
LYJB-27W,407
GSD3-D8H,408
GS6Y-N18,408
GS6K-FTR,409
GSZZ-PCM,409
GSCY-KG4,410
GSCY-D74,410
GSDB-RG6,411
GSD1-H6P,411
LVVJ-V8P,412
LVVJ-KSK,412
GS6Z-BP5,413
GSVR-YYL,413
LRFW-QJ2,414
G34D-QPL,414
GS67-B16,415
GS6W-QFJ,415
GS6W-ZVD,415
LCJV-ZNC,416
G34B-4YP,416
LBZ6-NQ2,417
LH6C-D15,417
LYMF-V1T,418
LBTW-CFQ,418
GMQL-X3D,419
GSFQ-LSH,419
GS6W-NQH,420
GSXB-P1D,420
GSDY-RP6,421
9VHS-WX8,421
GSJW-7PJ,276
GS68-767,422
LBK3-3YC,422
KCJY-R7Q,186
L85M-JDM,423
L85M-VQ9,423
L27F-CVL,424
GSNJ-F7D,424
L19K-ZFJ,425
GSFZ-X86,425
GS7L-H85,426
GSJQ-M2F,426
LY9R-KSW,427
LJRZ-GYL,427
M1KG-QVY,296
L2PN-4XD,428
LK9R-D3J,428
GSC2-MSY,359
L2R6-S2P,429
L2R6-SR6,429
LZV2-MJD,430
G3WF-4Z8,430
GS6W-Q1H,431
GSN6-SBT,431
GS67-M8H,432
GSVK-KQV,432
M7V8-X62,433
LL3D-Z4S,433
L7XL-7G2,434
L7XL-7GL,434
GS6W-QNM,435
GS67-YY3,435
KPWT-7SS,436
94TR-MYP,436
K24Q-8F3,437
KJ45-J1K,437
LLMP-WKQ,438
L51F-VJF,438
LYGL-PLW,326
L1TM-DTG,439
no_pid_134,439
9HKV-LVM,440
9HKV-LJL,440
G98S-LW8,441
G98S-JN5,441
GS68-32B,442
GS6T-VJF,442
L15D-R7K,443
L15D-17F,443
LVLR-T9L,444
LDYR-YN6,444
LZX4-8L8,445
LZX4-8LD,445
LKQR-Q37,446
LKQR-QQC,446
GSDR-FGG,447
G9MM-QFK,447
LD5P-J5P,448
LD5P-FZM,448
G9X6-2SC,449
LD56-QYF,449
GS6W-GCQ,450
GS6W-78Z,450
GM3X-SB6,451
GM3X-M59,451
LBSG-54F,452
G9XP-8Z7,452
LBGF-W9X,453
LBGF-9XW,453
LRTL-MG3,454
LRTL-6FG,454
LCTT-QJY,455
LB72-1QC,455
L1HB-9QB,456
GSF8-WJL,456
9KBT-3NQ,457
9KBT-3N3,457
LX78-Z6M,458
LX78-Z6B,458
LYWW-5LS,459
LYWW-B9C,459
GS6F-NP6,460
LRQ7-KM1,460
GSD3-Q18,461
LRL1-YDZ,461
LX78-ZVG,458
9WPD-RFB,232
GS6V-3S8,462
G3HW-9LM,462
LYCW-J9H,463
KN65-WW9,463
GS6F-SP3,464
GS6K-JF8,464
MXKD-QQ4,465
MX6C-1LY,465
GSDS-J7Y,466
GSDS-G6M,466
GS6V-Q3L,467
M1DN-QC8,467
L5P4-27W,468
L5P4-PDV,468
9NT5-YFF,469
no_pid_1547,469
GS69-V9D,470
GSF3-PJ5,470
LBRX-QX7,471
GSJQ-R2R,471
LDZG-GN4,472
LDZG-G1L,472
LDZG-P89,472
GS67-9S6,473
GSX2-K43,473
LKYJ-HB2,474
GS48-KRQ,474
L19L-L64,475
LRLD-BG7,475
L5KW-Q8H,476
L5KW-SPM,476
LRGN-GM7,477
LRGJ-MCC,477
G9PG-ZXR,478
LBCW-SZW,478
LRL7-8BH,479
L5JW-M1N,479
GM33-SGD,480
GSFD-PVY,480
2MR5-L4C,481
L8SY-5Y4,481
LRQS-WHN,482
G37R-T1P,482
GS67-Z2R,483
LB96-BS8,483
KJ4B-RY1,484
9N54-4GY,484
GMJ1-N27,485
GMVM-B25,485
GS4D-M46,474
GS68-5VB,486
GS68-TW4,486
2GG8-3NB,487
G376-BYK,487
L2KZ-GJX,488
L23F-7D2,488
LV73-DY5,489
LV73-DBT,489
GSD3-4XZ,490
G33V-6VG,490
G9Y8-GVT,491
9JWJ-PR5,491
L1KC-1WR,492
L1KZ-9CK,492
KC71-H87,493
LR6J-TYT,493
G9MY-DX1,493
GSD8-4LJ,494
GS2G-PQL,494
GSDC-2S1,495
LKBG-S6N,495
GSD3-M68,496
GSK8-BDK,496
LVM8-42Q,497
LBPZ-DN3,497
LY55-B4M,498
LY55-B7F,498
GSDT-SZB,499
GSX1-3J1,499
LRRX-BQY,500
L1BJ-NDG,500
9XPB-S7B,501
KZSS-QZL,501
GS6D-75X,502
GSJF-LL2,502
GS8L-2VM,503
GS8L-MFT,503
L2XW-YR8,504
L2XW-YRR,504
L245-D24,505
L245-DP3,505
G984-HJF,506
G984-W8H,506
L7FK-492,507
LRKK-N88,507
LRJH-QVT,508
LRJH-C9K,508
GS6G-7JP,1042
G332-4DB,509
LKKR-RY3,510
LRV5-15H,510
LV72-P25,511
LV72-PBN,511
LCV7-M15,512
GSVC-7Z3,512
LJK2-3R4,513
LJK2-31C,513
LVJT-PH4,514
LVJY-SWS,514
LKY8-QH3,515
LKY8-7FT,515
GS6V-BH4,516
GSXY-992,516
GS66-FPR,517
GS66-L4Y,517
GS6V-PS2,518
GS6V-52X,518
GS6D-LPB,519
GSKZ-G6W,519
GS6G-6K9,520
G33T-MNG,520
LVGV-YXW,521
LVGV-YGB,521
L2LB-7RN,522
L2LB-WBB,522
KPQH-2QX,523
KLVF-VZC,523
no_pid_1688,523
GS8L-LFN,524
GS8G-S1Y,524
GS66-YPC,525
G3QD-N8Q,525
GS6K-GGW,526
GS62-4T4,526
L2Q1-SLX,527
L2Q1-7DB,527
LV7S-X2T,528
LT1Y-RNG,528
9VG2-K2P,529
L1Z2-P15,529
GSZX-V8C,530
GSZX-J4R,530
GS6T-DX3,241
LT1Y-5H9,528
GS6D-YTH,531
L51C-NQC,531
GSHT-SGZ,532
GSHT-QZY,532
LYRM-5YN,533
G33R-ZLN,533
LC8V-GBT,534
L61F-XJK,534
LBP4-JJ3,535
L23R-Z3Q,535
GS6K-TST,536
GS62-6BM,536
GMQ5-HNX,537
GMQ5-CSG,537
GS6D-8Y7,538
no_pid_1887,538
G9NY-QRQ,395
GS6K-QBJ,539
GS25-3HC,539
GS6T-6SP,540
KHQH-7RY,540
LL7Q-MDC,519
LBVN-919,541
K884-5D7,541
GS6K-Z14,542
GSVJ-2LZ,542
LVD7-NWB,543
LVD7-NG2,543
K237-7HX,544
9XYR-V6T,544
L1PQ-VFC,545
L1P3-M2H,545
L2LY-MVY,546
L2LY-MKJ,546
GS66-1F9,547
LBDX-5Y1,547
GS6T-C2W,548
GSV5-YSB,548
GS62-8K5,549
K8CP-7QL,549
9SMD-R4Y,549
LDHN-D17,550
LDHN-D1J,550
LW6T-7D5,551
LW6T-WTV,551
L2X6-TWK,552
no_pid_864,552
LR86-2KZ,553
LR86-JZN,553
LB7N-ZXR,554
LHLL-D6H,554
9HLY-ZLB,555
9HLY-ZGQ,555
GS6G-HXL,556
GS67-3M7,556
GSVK-PXY,556
LKK4-NZ8,557
GSF8-7RP,557
LKBW-9X3,558
GSXG-JHL,558
LKCC-BK4,559
LRWL-637,559
LBD3-MSH,560
LBDS-1NW,560
9V9T-DTB,561
LVGL-2PG,561
LVGL-GJJ,561
LJ1C-NNT,562
LTBT-7GG,562
GS6T-ZWN,563
GSVR-G15,563
GSVT-M9G,563
LK7J-DCJ,564
LY5M-KRS,564
K8Z3-JFK,565
GSNV-PH5,565
LB2H-X22,566
LB2H-CT5,566
GS6K-VML,567
GSFK-T83,567
LR42-GWR,568
LR42-GWG,568
GS6X-7MZ,569
GMB8-7Q4,569
GS6T-379,570
GSND-YY4,570
no_pid_1711,570
GMQP-NKW,571
LDT3-DZN,571
2WD6-Q6G,572
2WD6-QD3,572
L1FQ-43J,573
L1FQ-46V,573
LYVD-118,574
LYVD-188,574
LYZM-SSR,575
LYZM-VNM,575
L292-5PT,576
LYC8-4YZ,576
MJ6W-WDQ,512
K2Y2-CXL,577
K2Y2-CXG,577
G9C5-G1R,578
G9C5-BF8,578
LT9H-L4C,559
GS66-TXY,579
LHK8-L3J,579
no_pid_1133,579
L2PW-PQB,580
LYGH-WRY,580
KG8R-K82,454
GSWZ-KGK,581
GSWZ-B6C,581
LR1C-16T,582
GSF8-NSQ,582
GSFJ-F4H,350
GS6R-B59,583
GS6T-914,583
GS6V-T5K,584
GS6V-26J,584
L1PK-XYJ,585
L1PK-JJV,585
L7G1-B8F,586
GSF3-9X7,586
GS6V-VJN,266
G9V9-76K,587
GSJS-KT8,587
LKYJ-QBW,474
L6Y7-7XM,588
no_pid_2307,588
LCV1-S78,589
L2VN-L5J,589
GS66-4CY,590
G96C-RZ6,590
LJRQ-YGT,591
LJRQ-Y5B,591
LBTV-Z5X,592
LVDF-4ZB,592
L5YV-V8D,593
no_pid_678,593
no_pid_2450,593
GS6D-H55,594
LV17-LV1,594
L5FT-NXV,595
9ML3-43P,595
LBVR-WG5,596
G9LT-MKC,596
LR3L-21P,597
no_pid_571,597
LTR5-ZWG,598
LTR5-NP7,598
LBD2-K3Z,599
LKFX-K32,599
9VH8-HRJ,599
LYBK-BBZ,600
LV5N-8S8,600
LC8Z-KNH,601
L1FX-VV5,601
L219-9W6,602
L219-9DF,602
G9P6-BW1,603
G9PX-MB2,603
GMT4-VRB,604
G9VS-9CL,604
GS6Y-MR6,605
GS2D-SK2,605
L5BV-53J,606
L5BV-GJZ,606
GSX2-T62,607
K2XZ-N33,607
LXMQ-DWD,608
KLJ1-SVK,608
GS6B-9BG,609
KLCZ-43Q,609
LYH8-H2W,609
LYGG-FG7,105
GS61-9QY,610
GSXB-SM4,610
GSJQ-K66,610
G9DZ-6ZN,611
GS6Y-RRW,611
LVPM-FNB,612
LVPM-6KZ,612
LK1J-311,613
LK1J-QT5,613
LTZ9-TRY,614
LTZ9-5RS,614
LZ5Q-MMQ,615
LZ5Q-MSK,615
KLYW-8RX,616
no_pid_865,616
LTWJ-KL3,617
GMX4-32S,617
L19Y-K2C,618
L19Y-TCW,618
GSXK-TL3,137
L137-K2F,619
L137-8XK,619
9K68-GRL,620
L5DB-R4N,620
M5BB-R85,621
LTNR-RWB,621
KPSY-QRF,622
KPSY-78Y,622
GMX8-77N,623
GMX8-87M,623
GMX8-4T2,623
LBQW-GF3,624
LBQ4-MP9,624
LR8Q-T8M,625
no_pid_810,625
GSX2-8Z5,626
GS8H-9XF,626
L1Y1-3W2,627
L1Y1-ZZF,627
G9M7-4P7,628
G9XR-WW4,628
K2JM-DR3,629
LDLG-FN5,629
LWMW-ZD1,630
LWXT-FHN,630
L6M5-D2L,631
LDY6-HSR,631
LK1S-89S,632
GS6B-L7W,632
LVJ1-L2Z,633
GSNC-NVV,633
LJ2K-4S1,633
LBP3-TW4,634
LBP3-GR3,634
GSXK-DCZ,635
GS82-LQF,635
GSXV-2MJ,636
L62R-WXV,636
L2PK-Y9Q,637
GMLF-LVX,637
LTRQ-RS1,638
LTRQ-2G5,638
L1V9-9CY,106
LY1Y-KS4,639
LY1Y-78K,639
GSXL-SNM,640
GSCY-2TP,640
KPD2-PZ5,641
KPD2-J19,641
GS6T-547,642
GSF4-GR4,642
LVSG-RWQ,643
no_pid_1382,643
GSXL-8J1,644
GSXL-8ST,644
GSXL-28J,645
GSXL-8FL,645
GSXV-XGX,646
no_pid_2375,646
MC83-899,647
LRBQ-CRC,647
LKTV-GGH,648
L269-LGZ,648
LYHY-Z5C,649
LYHY-Z5J,649
MY91-FQR,650
no_pid_121,650
GS8N-P1N,651
GS8N-FL4,651
LBGZ-28H,652
GSFD-D86,652
GSXV-45X,653
LB7Z-S63,653
GS6Y-SGB,654
GSFD-B1C,654
L5V2-K4L,655
no_pid_1048,655
GSXL-4T5,340
L5YS-Q7T,656
L5YS-78P,656
GSXJ-NPM,657
LRNK-T8G,657
L1LF-55K,658
LTMX-3TH,658
L1FF-92X,659
no_pid_1590,659
GSX2-1VY,660
no_pid_1687,660
GS6Y-RS5,661
GS6Y-BZF,661
L1ZK-426,662
LRPS-VQH,662
GS6Y-R7N,663
GS8X-1XR,663
9WHY-PNZ,664
KZGM-LSR,664
LYR3-HL8,665
L1P4-33G,665
LY6C-74R,666
LY6C-7H9,666
GS6Y-M57,667
GSJP-FTC,667
L22X-K3S,668
GSXY-X2S,668
GSXJ-1DL,669
M7FM-XZ4,669
GSXK-JWB,670
GS66-WHW,670
GSX2-VTY,671
GSN8-K5X,671
GS6B-7NB,672
MVGF-WN2,672
LHF6-BM2,673
LZKN-13Q,673
GS6B-JMM,674
GS6B-8NR,674
LDT2-BD8,675
GSND-6NJ,675
GSXB-BFN,676
no_pid_446,676
L2GJ-KKP,677
L2GJ-MR2,677
GSXB-NR4,678
L232-7KD,678
GSXB-LBC,209
K4GH-JWK,679
M1DF-PJ5,679
M1DF-PVY,679
GSXY-4BF,680
LBN9-T3Q,680
L7GC-6ZQ,681
L7GC-65H,681
GSFQ-2JX,682
G33R-GK9,682
L2F4-FLT,683
L2FX-9W1,683
GSXT-NJ9,348
LHKC-SW8,684
LHKC-SHP,684
LVYR-4JL,685
LZXC-CTR,685
LF85-454,686
LF85-429,686
LTJB-9DJ,687
GSVC-DK7,687
LTQP-F77,688
LTQP-C51,688
L6SM-Z91,689
GS6Y-6YG,689
LTQP-MN1,690
M1DF-2M6,690
GSF7-9QX,691
GSV2-NQR,691
GSXP-HYG,692
GSJ3-HLX,692
L634-3KL,693
L634-4GG,693
GSFQ-2NL,694
GSVK-8ZR,694
9XVK-W1S,695
9XVK-W13,695
GSXY-3B3,696
GM2R-K2K,696
G9JF-2CW,697
G3W8-1JV,697
L5LP-7XQ,698
L5LP-Q1H,698
LKHY-3KK,699
LKHY-QQT,699
LDBM-GP7,700
LDBM-G5S,700
LLCV-QFF,701
LLCV-QV2,701
LYB4-2JG,702
GSXY-NKY,702
L5VH-GN9,703
L5VH-TWS,703
LRDG-915,704
GMKG-6DG,704
GSF7-RPH,705
GSFW-WQ9,705
G93G-LYM,706
G93K-B4R,706
LKC6-M42,707
KJDT-QHZ,707
GS6B-Q9L,672
945P-NQK,708
GMQ3-QYW,708
GSXT-HRJ,709
GSSN-V3Z,709
L2SQ-FKH,710
L2SQ-JSN,710
L179-SFG,711
L179-Z7W,711
KNWX-RF3,678
LBN9-5DY,680
GSF3-Q6F,712
GSVC-JWT,712
K4VC-Q2L,186
GSXB-LVL,713
GS8K-JKJ,713
KHTR-SXS,714
KZ51-BVQ,714
LRV5-Z47,348
LRV5-X9D,348
LTT5-7J4,715
LD58-KXX,715
LYS7-LYS,716
LYSW-MGK,716
9FY8-CZW,717
9FY8-CD1,717
GSF7-ZKZ,718
GS8G-FJ8,718
L8YB-GMZ,719
L8YB-P9L,719
L8YB-PW2,719
L13B-C8H,720
GMPT-QJV,720
LLHF-SVX,721
LKR1-6CZ,721
GSFQ-PG4,722
G3HQ-CMW,722
GSXY-TVV,723
GSJ7-XPM,723
G346-47W,723
GSF3-XKX,724
GSN8-FV7,724
LTNC-VZD,725
no_pid_251,725
GSXT-52Z,726
L1GK-GCJ,726
G9TL-F79,727
GSVJ-TSK,727
GSF3-LJM,728
GSFQ-S1W,728
L24F-BP8,729
GSVR-C34,729
GSXT-CF7,730
LKLB-CST,730
GSXT-RBL,731
GSJS-R95,731
GSFM-32C,732
GSLQ-58R,732
G9X1-S1L,733
G9X1-WGS,733
GSF7-QCB,734
no_pid_847,734
LCY3-P51,735
LCY3-PYN,735
GSF3-29Y,736
no_pid_1515,736
LRZ8-85N,737
L23G-H74,737
K8WD-HKH,738
no_pid_256,738
GSF7-2RL,739
GSZ8-1J8,739
L518-RTL,740
L518-TBX,740
LT32-NMK,545
LCRD-ZTW,534
GMQL-W1K,741
GSVC-ZVF,741
GSXG-J7T,742
GS68-YZF,742
MZXL-6X9,743
GS6K-GJV,743
LH6V-4MQ,744
GSD3-LYL,744
GSXY-5QR,745
G3S2-D44,745
GSXB-3M7,746
GSXB-FKZ,746
LL9Z-9TQ,747
LL9Z-M3W,747
KN1D-ZP6,748
GSF7-SJS,748
9ZXQ-5Q7,749
GM7F-4TP,749
LV82-JGR,750
LV82-JXL,750
GSFZ-YZT,751
GSFZ-VGN,751
9F37-KMH,752
G3HQ-W7X,752
K6SS-PQ4,753
K8QP-NB4,753
LL7M-MTY,754
G37R-W73,754
LR2R-SGR,755
LBGT-8GT,755
GSXT-VGW,696
GSX1-Z3P,756
G93Y-HD4,756
9H55-69R,757
LTZ3-H1Z,757
LKVM-BJL,740
GMZJ-ZKM,758
GSJW-JBC,758
GSZZ-KT5,759
GSZZ-X8W,759
GM3S-DJJ,760
GM3S-D9X,760
GM3S-6VQ,760
LVLC-X9G,761
no_pid_2221,761
LZVG-Q7Q,762
LZVG-QDN,762
LBCH-DKS,763
LBC4-41X,763
GSXY-HD6,113
GSX1-C2D,713
L5V7-LQG,764
MZW9-VTN,764
GSF7-75K,765
GSVR-DY7,765
K2NY-J5V,766
GMM6-DQC,766
LDQ4-QBK,767
LV55-R7C,767
GSXY-QXT,768
G3QQ-NQH,768
L16Y-8R5,769
L16Y-FQJ,769
LVD3-SPF,770
LV8M-Q98,770
L51V-SZ2,771
no_pid_1331,771
LTH9-83D,772
LTH9-C95,772
LKG3-2YZ,18
KCBG-H2J,773
K462-Z73,773
GSXT-F14,774
G3QW-P81,774
GS8J-ND3,775
GS8J-CWM,775
L6MK-7HG,776
G37T-BS9,776
LKXY-KK1,777
LKXY-KJP,777
L164-RGR,751
LKP3-Z8S,778
LLHK-NKP,778
L5YR-3K2,779
LY5S-WMB,779
G9HF-GCL,780
GSLB-PJH,780
GSN8-68T,781
no_pid_656,781
GSF8-XXJ,782
GSVC-PB6,782
LBB2-BY5,783
GS6T-2W5,783
GSFZ-XJF,784
GSKQ-YLY,784
GSND-SK2,785
no_pid_2530,785
G948-PWJ,786
G948-RVS,786
KNYV-GQ4,787
LTH2-FDF,787
GSFD-HBG,788
no_pid_273,788
L1XW-T57,789
GSJQ-99W,789
GSXV-MRT,790
GSXV-SBQ,790
LVZP-28T,791
LVZP-2M7,791
GSF8-NWV,792
LT8T-VSK,792
L2Y6-RN1,793
GSL8-F6H,793
L22B-2TW,794
L22B-2R7,794
GSFD-2PJ,795
GMDP-9KH,795
GSNC-6H8,796
GSVZ-JWJ,796
LHZ7-9Q4,291
LYSQ-C79,797
GM7C-R86,797
LVW3-DW3,798
no_pid_1381,798
LVG5-J6T,799
G3WS-ZYY,799
L1Y1-3Q5,627
GM8T-TK8,800
GM8T-15T,800
LJ7F-42H,572
LKN6-TMS,801
LKN6-R5C,801
GSN8-VV5,802
GSVK-89X,802
GSNJ-HVH,803
LJPZ-F3T,803
KVGZ-1G8,804
9KLR-3RF,804
LR45-67L,805
LR45-VVJ,805
GSFZ-134,806
no_pid_41,806
L2KG-P7H,807
K4T6-NSK,807
GSNZ-2TY,808
GSVV-V8C,808
GSFV-ZFS,809
GSLM-GQQ,809
G9PV-HY2,810
G3QD-85K,810
LKR7-8ZR,811
LKR7-8CZ,811
GSFK-LKD,812
GSF2-ZJP,812
GSF8-Q51,813
GSXT-VLJ,286
L5VN-MDT,814
GSJ8-52Y,814
no_pid_1905,814
G3H7-6L8,424
GSFZ-4GB,815
LZCR-S97,815
M469-CV2,816
LVZM-QJQ,816
9KFN-3DQ,817
9KDN-BFS,817
LCCF-W6S,818
LB93-QWX,818
G99B-33M,819
L4T1-DTW,819
LY8S-ZQK,820
LRJZ-TV5,820
GSF2-9HL,821
GSXJ-21N,821
LK4J-2ZV,822
GSD3-RNW,822
LBQV-SDJ,823
LBQV-ZGQ,823
9F37-DH3,824
LB9F-S9M,824
GSNZ-235,825
GSVV-XTK,825
GSNZ-XLV,826
GSVV-6BL,826
LVY3-DM1,827
no_pid_2319,827
9KFZ-Q1W,828
G33R-6C8,828
LBCD-MV2,829
LBC8-PGM,829
GSFW-FHP,830
GSVY-784,830
G3SP-XTG,830
LBRN-W7L,831
LBRN-31T,831
LBRN-ZMP,831
GSFZ-K63,832
GSVX-SX5,832
GSNJ-LM8,833
G3HW-924,833
L6BF-6J7,834
GSXL-DL6,834
L6PJ-NNL,835
G3Q6-BKH,835
GSNC-56T,836
no_pid_1319,836
LTPW-21Y,837
LTPC-CTS,837
GMVF-FYD,838
9HSL-P5H,838
GSFZ-R95,839
LKTM-52W,839
LB86-ZZZ,840
L1YH-NZD,840
L2YM-N91,841
L2YM-TN1,841
GSF6-6ZF,842
KJGQ-NBG,842
L67Q-Q37,843
no_pid_272,843
GSXL-DGM,834
GSFK-Z11,844
G37F-QX8,844
K817-M4N,845
K8SQ-8JR,845
GSFN-1QY,846
G3WG-7P2,846
GSF8-35L,847
G3WF-PDZ,847
LTVF-HXS,848
LVZ5-TLK,848
no_pid_644,848
GSFV-B3S,849
GSVJ-TL9,849
GSFV-YMT,850
GSLH-8BC,850
LR2M-LL9,851
LR2M-LLQ,851
GSF8-9YY,852
GSVC-H7R,852
GSFD-7KJ,853
G3QD-K56,853
GSJ7-8D2,854
GSJ7-PDB,854
LYC3-WQ3,855
LYK2-GRP,855
LCY3-PJP,856
LCY3-PKG,856
LYJ4-DSK,798
GSND-J7D,857
LTPS-BWY,857
GSNZ-PZ8,858
GSNZ-P8M,858
GSNC-X42,859
GSJ3-TFK,859
GSND-YMK,860
GSS4-CJ2,860
GSFZ-B2Y,861
GSVC-6FG,861
LKJR-SWC,335
GSNJ-Y64,862
GSNJ-BJK,862
LTFN-S5T,863
L51Y-B1M,863
GSNR-9RT,864
G3WX-RSS,864
LV5J-ZB7,865
LV5P-WHS,865
GSF8-27B,866
G346-3QC,866
L1V2-NY1,867
LL7D-VJG,867
LCMG-QYM,868
LCMG-QT6,868
G9LH-GY4,869
L1CF-H9W,869
G9LH-N5Y,869
L29M-7KR,870
no_pid_1802,870
GS68-ZJB,867
LB5C-983,871
G34B-2MS,871
KDMC-GSH,341
GSNJ-D1D,872
LCJB-X3S,872
9KPN-V4M,873
9KPN-V49,873
GSFC-77Z,874
GSJN-33C,874
L1HD-Q68,875
L1H8-G2N,875
LRHW-B96,876
LRHW-1QQ,876
L1WC-CJ4,877
L1WC-ZQ8,877
GM3K-W84,878
no_pid_2587,878
L1S9-X7R,850
L6JG-TXY,879
MMLY-T37,879
L6JG-TXD,879
G9DN-2WK,880
G9DN-PD6,880
GSJZ-TFJ,881
G37Y-X1S,881
G9F2-D9Z,882
GSLQ-1K9,882
GSNK-FX2,883
no_pid_1005,883
L6KF-BKP,884
L6KG-YP6,884
LBSL-DT4,885
LBSP-M57,885
GSJ6-6X3,886
LYG6-NJ4,886
GSJD-8MF,887
GMHT-ZJB,887
G9KG-Q15,888
G9KG-YB9,888
G9GW-BCV,889
no_pid_1046,889
L22D-2NP,890
no_pid_763,890
L2VY-H6L,311
L196-NDP,891
L196-YD8,891
LTDT-65R,891
LVGB-J5R,892
KNQN-WHN,892
G9DN-4XR,893
G9DN-6BZ,893
L226-1N8,894
LVYL-2T6,894
L6LB-7YB,895
no_pid_1054,895
2H2J-H3P,896
MW9H-4D4,896
GSVV-FB5,897
KC6B-PV2,897
GSXB-5JL,898
L1FV-3YZ,898
GSJZ-HCZ,899
G342-LQC,899
LVLH-BMJ,900
L6Z5-L4T,900
GSJ7-BSY,901
LYY7-PFL,901
LVC1-Z7G,902
LVC1-Z73,902
L6TR-S7Z,903
L6TR-SZQ,903
KPH7-24X,904
KPH7-NM1,904
MY32-5DW,905
G33K-X9Q,905
LRQ8-XYT,906
LRQ8-FDD,906
LRKX-RZM,907
no_pid_230,907
no_pid_1557,715
L447-VVJ,908
L268-DFX,908
GMG6-PGV,909
KL7H-6QW,909
L1QM-87G,910
K4DW-1FT,910
K8MP-653,910
L2PD-4SP,911
L2PD-S6T,911
KJ4L-PV7,912
KJ4L-PPK,912
LJ26-9WK,913
GSPY-27C,913
GSNK-DCK,914
no_pid_991,914
GS6K-STN,403
LBCF-BZ9,915
no_pid_805,915
MKWP-X5L,916
G34L-4T7,916
LR2F-4RF,917
LR2X-BJ1,917
G98R-4XY,918
L2RF-B15,918
GSJD-Q4G,919
LV7K-3GV,919
GSJ6-7N1,920
G3W7-2LG,920
G9S1-S53,921
G3W6-5DT,921
GSJ7-8V2,922
LRNJ-4MR,922
GSJ7-RJW,923
GSVX-NRG,923
KF2B-RS8,387
L5LP-71P,698
MFNW-TNV,924
GSJ8-MV3,924
LVC6-VCW,925
LVC6-VQC,925
no_pid_668,925
GSJ8-B81,926
MW7Z-HTH,926
GMQ5-977,927
no_pid_1673,927
GSJ6-4VS,928
GSF7-3JJ,928
MFY1-4V7,928
GSJW-MW4,929
G34X-MMH,929
GSJD-582,930
G3HQ-N54,930
G9QP-TT2,931
G9QP-T84,931
G9BP-NJC,932
no_pid_2130,932
LY7L-452,926
2D6G-DJZ,933
KLGZ-F32,933
LKMC-78G,934
LKMC-7CP,934
LY1Q-VVG,935
GSNV-K13,935
L2TT-D48,936
LJZW-GVG,936
GSJD-SNV,937
L1SC-2WX,937
LC61-TQY,938
LC5Y-FTL,938
LTTJ-KM3,458
LTTJ-FWW,458
GSN2-X6R,939
GSKZ-VQ6,939
G94K-PG7,940
G94K-T6J,940
GSNV-YJ1,565
LV15-HDV,941
LWY2-SZF,941
9HXL-QXF,942
9HXL-QX4,942
GSJ6-DJ6,943
GSJ6-N6C,943
KZVB-GPM,944
K8LT-M5C,944
no_pid_1469,944
G9NY-2N8,945
G9NB-77C,945
GSNR-XL9,946
L638-8D8,946
LYG3-17R,947
LYGQ-4CN,947
LZJS-YHH,948
LT1S-NZH,948
GSJQ-M3N,949
G3WL-6LB,949
LT7F-NS4,950
LT7F-LQT,950
LT7F-RNL,950
L638-8ZJ,946
L6KG-TBC,918
LR2S-1BF,951
G3W3-7L5,951
LHZV-TRT,952
LHZV-YM8,952
LZYJ-1PB,953
LZYJ-15H,953
LY9S-NTC,954
L5XG-8W4,954
no_pid_598,825
LR3M-5Y2,955
GMZ9-KLV,955
GSVV-KLP,956
GSCT-HHG,956
GM1Y-1SG,957
GM1Y-P7N,957
GSJ8-5GP,958
no_pid_1958,958
2743-3C8,959
2J3Y-QCJ,959
L87W-14Z,960
L87Z-M1S,960
GSNT-8CW,961
GSK8-B6F,961
LRW6-Q4D,962
GS82-75R,962
GSCB-3DQ,963
L1TK-C2B,963
GSJZ-CX8,411
9J7N-ZYW,964
KZ4V-6HM,964
GSJX-VXC,965
G3QX-KVG,965
LRD4-9V3,966
G37T-QTZ,966
GSJD-R7J,967
G3WW-LLH,967
L6PV-5T8,968
L6PR-JBF,968
M14M-PWZ,969
no_pid_1774,969
GSVV-FNN,220
L83B-JST,970
L27M-WVH,970
LKFF-K5D,971
G3QQ-4WQ,971
KNH2-4Q3,554
K2Z3-C6M,972
LYYM-278,972
2HPX-BDW,973
2HPD-LGF,973
LTBC-VXX,974
no_pid_2197,974
LBB9-66C,975
G3HW-ZS2,975
G9HS-8MV,976
G9HS-Z64,976
GSVK-2ND,977
G3WD-CKW,977
no_pid_2533,977
GMB6-977,692
LYB6-ZM6,978
no_pid_590,978
245X-G5X,979
K6HX-57B,979
99MZ-9HS,980
GSVJ-3HW,980
G9VV-XX7,981
G9VV-C2M,981
GSVZ-4MJ,982
G3Q6-184,982
LTCY-85D,983
LTCY-2VV,983
GSVJ-C63,984
GSVJ-TL8,984
LRPR-9KG,813
LRZ6-HWQ,985
LB8M-7H7,985
GSVH-1CG,986
GSVC-9MW,986
GSVC-3SR,986
GSVH-BS5,393
L2LY-MGP,546
L2J1-TC4,987
no_pid_157,987
L2B7-ZCB,988
K2MK-8N1,988
LVM3-T54,989
9H8Q-5FD,989
GSVK-DHY,990
GSVV-P4X,990
GSVK-VNH,991
G33L-CG7,991
LT54-W2X,992
LR24-Q17,992
LB46-882,993
G9T9-5G7,993
GMLN-SL6,637
LYPZ-HJM,994
L5BS-JQZ,994
no_pid_1447,980
9X1Q-WGX,995
LHXC-764,995
G9BN-JR6,996
GSF8-MSD,996
no_pid_149,852
LKW1-172,997
GS84-QYV,997
LRJ2-3LB,936
2HG8-V2V,998
2HGZ-31M,998
GSVR-W4Y,999
L51Y-TP4,999
GSVC-NV4,1000
GS6B-3JR,1000
GSVZ-RKW,1001
GM95-LL6,1001
GSVV-VWY,1002
GSNZ-KPZ,1002
LTPN-KL5,1003
KZV7-JNH,1003
GSVV-TM6,197
GSVZ-7ZQ,1004
no_pid_1251,1004
LY6C-WZK,666
GMQQ-M84,21
MZ3T-6FX,1005
no_pid_2219,1005
GSVZ-CWN,1006
GSVZ-8X7,1006
LBCC-M2H,763
LJYL-NL8,1007
LHPN-TFY,1007
G93P-1Z2,706
LTMZ-J5F,1008
LRKV-V1H,1008
GSV8-28F,1009
no_pid_391,1009
GSVV-F9D,1010
G37R-2ZL,1010
LLHQ-VC1,1011
LLHQ-VX1,1011
LVDR-3HH,1012
LV8M-41R,1012
LHLS-Z88,1013
LHLS-ZX2,1013
LTQ9-YFS,1014
LTQ9-R8K,1014
GSVZ-WJK,1015
MY37-KFJ,1015
GSVK-JN6,604
LVHP-PNK,1016
no_pid_470,1016
no_pid_468,1016
GSV8-LR2,1017
G3W2-BD1,1017
GSVK-81D,1018
no_pid_1534,1018
LKR7-8DZ,811
GSVL-C1R,1019
G33T-XT2,1019
LJJ4-Z9M,238
GSVR-TWC,1020
G3Q6-9DQ,1020
LYNQ-JFN,1021
L17Y-NQ4,1021
L66S-F9K,1022
no_pid_248,1022
LTW1-FGN,1023
LTW1-8MH,1023
LKS3-RHL,986
GSVV-951,1024
LV3T-ZZQ,1024
L133-KKR,1025
L133-C4C,1025
LB16-WH2,1026
LTNZ-9BL,1026
GSJP-2XC,1027
G37T-9QL,1027
LTLF-MRD,1028
no_pid_957,1028
LK72-ZJS,1029
L27X-H95,1029
GSJG-178,1030
LK4D-6LS,1030
GSVZ-43R,319
L5P1-1PS,1031
L528-FL9,1031
GSV2-FM6,1032
LHLB-H5P,1032
no_pid_769,1032
L5YJ-WRH,1033
GS8K-D5T,1033
GSVL-TLS,1034
GSJD-2N8,1034
LJR2-STW,1035
no_pid_951,1035
GSJF-S17,1036
GSZD-QWL,1036
GS6K-NVM,1037
GS6K-VPM,1037
GSVK-RF3,1038
no_pid_2531,1038
GSVL-VN7,1039
no_pid_788,1039
G94Q-9SP,1040
GSKX-C1Y,1040
G98K-YVZ,654
GSVV-JKL,41
LR3W-C3P,1041
GM62-QVT,1041
LVS2-9DY,509
LVS2-9FK,1042
GSVC-G81,1043
G3WX-PP5,1043
G9N6-F4V,1044
L2S1-P9V,1044
GSX2-2MJ,671
L8DL-F8N,1045
G341-WRV,1045
GSVC-WZT,1046
no_pid_996,1046
L7PS-YR5,1047
GSK8-LQ6,1047
GSVV-N1C,1048
G37Y-YXY,1048
GSV8-D5F,1049
LVZT-TRW,1049
GSNC-PMY,1049
GSVK-GWQ,1050
LRTF-4KW,1050
LL9J-838,1051
K2QD-1W7,1051
G33R-5TM,1052
no_pid_714,1052
GSK8-ZJW,1053
LYP6-MHD,1053
L2XM-48M,1054
L2XM-485,1054
G98D-3T3,1055
G98D-789,1055
GSLQ-2XQ,1056
GSXB-K82,1056
G3QQ-G5W,1057
G3WD-4XZ,1057
G9GP-6VX,1058
no_pid_1877,1058
GMPJ-PTC,831
G37F-BW6,805
LTCP-YQR,1059
G3WX-2C1,1059
GS21-B6B,1060
no_pid_532,1060
LT9B-N44,1061
LT76-XHP,1061
GSK8-RSF,1062
G3Q4-MVB,1062
GSLQ-PVX,1063
GSLQ-5QZ,1063
LVMC-CKM,1064
LR4J-8N2,1064
MFY2-GKT,1065
no_pid_1122,1065
LZ1D-1TT,1066
no_pid_964,1066
9DZZ-W93,1067
LTXK-BXR,1067
G3SB-Z56,1068
GSCT-L1R,1068
LR95-1LT,1069
LR9R-S5T,1069
GSZ7-GZS,1070
GSZW-QMP,1070
LH1M-7BG,1071
9VQZ-ZTS,1071
L12S-W44,1072
L12S-ZTM,1072
L2CZ-3D2,1073
L2CZ-3Q2,1073
LT6R-WLD,1074
LT65-YQ2,1074
L6FZ-T89,1075
L6FZ-TD9,1075
GS8S-3B3,1076
L2X3-77L,1076
L1L9-G4Y,349
G979-DB5,1077
G979-N4F,1077
G33Y-WC2,1078
G3WD-WYP,1078
GSG4-LZV,1079
no_pid_616,1079
KJ49-7VP,1080
G34D-XSZ,1080
L2W4-6FV,1081
GMM1-3QR,1081
GS2R-XVY,1082
no_pid_1310,1082
LB5D-WVD,1083
LB5D-6CH,1083
GSKZ-RQM,395
GM9F-WJF,1084
no_pid_886,1084
LTZJ-QGF,1085
MVQC-8C5,1085
GSGW-PVG,1086
L612-FH1,1086
G332-9WV,1087
GSNZ-65L,1087
GSLD-B7W,1088
no_pid_580,1088
G3Q7-HJT,1089
no_pid_833,1089
LTNG-44J,82
L85S-YCB,1090
G3H3-LD1,1090
GSTG-W5X,1091
G95N-6LK,1091
L1ZB-57Y,662
LJGC-TDX,1092
L6CD-KNY,1092
G9TT-87D,1093
LT4S-R4D,1093
LY8T-BQ8,1094
LY8Y-8ZL,1094
L6X3-8RT,939
G33Y-971,1095
GMNL-H1W,1095
L26D-1DF,938
LK1X-S3B,531
no_pid_2029,1040
GSGN-TLJ,1096
G3WS-RKK,1096
GS6V-VR6,518
LT6D-M4M,1097
LT6D-3X6,1097
LBS9-RDG,1098
GSXY-XGV,1098
LT2Q-SXT,1099
LT23-5PB,1099
G33V-VB9,1100
L2VT-9B5,1100
GS2Y-RTR,1101
G37F-S59,1101
GS21-MYS,1102
LT1B-3BN,1102
GS2G-CCG,1103
GS2G-XWR,1103
G3QD-BZW,943
L1Y8-RHS,1104
LBD1-SB1,1104
G33T-SC2,1105
G3W8-FF6,1105
LR5P-NND,1106
LTHL-NMF,1106
LDHN-69V,550
GSLB-29W,1107
no_pid_516,1107
LRYY-1Y6,1108
G34X-YJM,1108
GSK7-9J6,815
LBK7-Z9S,1109
no_pid_872,1109
9KFN-MBD,1110
LZ4L-QDD,1110
G3QX-Q8D,965
LCX7-1V3,1111
LR9K-92V,1111
GS2Y-PYR,1112
LHFV-1YT,1112
9D4Q-ZH7,1113
9D4Q-ZHQ,1113
LC34-85J,1114
LNJV-BXN,1114
LVG4-4SW,1014
LJ2P-6NV,1115
G9GB-TCM,1115
LVPH-LB2,1116
LVPH-L5W,1116
KPDY-4TM,1117
KV22-DDG,1117
LZYJ-1QJ,1118
LZYJ-1Q1,1118
GMLN-QRT,637
G39F-7ZX,558
LYJ6-Q4Y,1119
LJ57-92J,1119
KH7Y-3XV,1120
MHD3-DNK,1120
LF85-ZHQ,1121
LF85-ZQN,1121
GSLQ-LDB,1056
L6PX-LJ9,1122
no_pid_1150,1122
G9HR-MCJ,1123
no_pid_2333,1123
LYPH-KFM,1124
no_pid_224,1124
G33K-SLS,1125
G3W3-S6F,1125
LRFN-JN8,1126
no_pid_2650,1126
L6J2-JRZ,1127
L6J2-JB8,1127
L4TQ-QKC,1128
no_pid_425,1128
L1MK-YX5,1129
no_pid_193,1129
LTKB-GK7,1130
no_pid_1454,1130
GS2K-V22,1082
G332-S4W,1087
G3QF-YRW,1131
no_pid_2669,1131
MM1P-JKV,1132
LK7R-V63,1132
GS21-7ZR,1133
GS21-HK7,1133
L5CY-XK6,1134
L5CY-CVT,1134
L6NK-31Q,1135
no_pid_1624,1135
GSF4-4BS,1136
no_pid_1304,1136
LK91-C66,1137
GSVV-S8T,1137
LBV9-BLT,1138
LBV4-B7K,1138
L5RC-3X7,1139
no_pid_1585,1139
G3W2-784,1140
no_pid_267,1140
M1DF-LDC,1141
M1DF-LJZ,1141
GS6D-SD1,1142
no_pid_1353,1142
G34V-TV1,1143
no_pid_1480,1143
G34K-FVZ,1144
G37R-X98,1144
no_pid_2278,1144
LYJ4-P72,1145
LYJ4-L9L,1145
G3H7-SPW,1146
GSJX-WDG,1146
G346-8WC,1147
G34V-GRL,1147
G3WD-RL3,1148
MC8G-NL9,1148
LR2M-KHQ,1149
LR2M-L4B,1149
G9SP-WQ8,1150
G9SP-MPS,1150
G34K-YQJ,1151
no_pid_1519,1151
LV8P-61W,1152
L6MR-DY6,1152
L1BJ-29B,500
GSXM-7YW,1153
no_pid_870,1153
G34K-PJT,1154
G34K-89Y,1154
LT2W-VWR,1155
no_pid_600,1155
G3W2-RJH,1156
LJ1Y-YMY,1156
L2NP-9KK,1157
no_pid_355,1157
G3WX-191,1158
no_pid_1132,1158
G3HQ-W5M,1159
no_pid_776,1159
LVLP-7XM,119
G34K-HS3,1160
no_pid_509,1160
G34D-TMC,1161
no_pid_2006,1161
LK9B-YXZ,1162
no_pid_1610,1162
LY4N-WFY,1163
no_pid_2405,1163
GMMT-PWT,1164
no_pid_2150,1164
LB4G-QXL,1165
LB4G-3D4,1165
LTNV-Z1G,1166
no_pid_1677,1166
LBSD-7XH,1167
LBSD-RJY,1167
26PS-PYW,1168
no_pid_688,1168
LH6C-NJB,699
G37T-LYF,1169
no_pid_108,1169
LXLQ-9XV,1170
no_pid_1799,1170
LK9P-8YX,1171
K2J3-VM9,1171
GMB5-ZB6,1172
27NR-7X7,1172
GS7W-17V,975
G34B-72B,1173
no_pid_694,1173
G34D-ZQ2,1174
no_pid_1321,1174
LVCQ-PN7,1175
no_pid_469,1175
G3H3-BC1,1176
G3WD-TQD,1176
G34B-WYH,1177
G9ZG-49Q,1177
G3HQ-M64,1178
G3HQ-3KK,1178
G341-7KZ,1179
G3WQ-WT2,1179
GSTC-DQ9,1180
no_pid_1332,1180
LJJF-QZ5,1181
no_pid_1248,1181
G3WN-T83,142
LY3F-8KS,1182
LY3F-J9N,1182
G34K-3KM,1183
K2VM-YCN,1183
G37Y-3J8,1184
LKK8-T8Z,1184
G346-Z7D,1185
no_pid_2175,1185
G342-6L7,1186
LTWW-MT8,1186
L6RT-566,1187
L5YR-8X5,1187
G3WX-J9G,1158
G37R-9JT,1188
LDTF-YYP,1188
G34V-KR2,1189
no_pid_514,1189
G34X-7M9,1190
LH12-VCR,1190
GSG2-V4V,1191
GSVR-4G1,1191
G34B-FCS,1192
no_pid_2499,1192
G3WL-CWQ,1193
GSXY-HF7,1193
G33T-LSH,1095
G3WG-W55,846
GS6B-8B4,1194
GS6B-34B,1194
G37G-KXH,1195
no_pid_1070,1195
LBJ3-NCZ,1196
LBJ3-PBQ,1196
LRXD-BY7,378
GMZP-8RK,1197
9DXH-7V8,1197
LV15-H6T,941
G34L-SP2,1198
LT2C-NP7,1198
GSXH-X43,1199
LWXS-FWF,1199
LRJ5-CC4,1200
no_pid_1418,1200
G3W2-1YQ,1201
GS8Q-82K,1201
L5BJ-LDG,1202
no_pid_973,1202
G3WF-CVD,1203
G3QH-W7Y,1203
LK5W-DQP,1204
L619-ZP3,1204
G34D-1TX,1161
G34X-92B,1204
G3WD-S5M,1205
LYLW-RLT,1205
G34B-PNH,1206
GSXL-CVK,1206
G34X-CPY,1207
no_pid_2234,1207
LC1Y-Z44,1208
no_pid_1908,1208
LWMW-463,1209
no_pid_1542,1209
L4R1-TVJ,1210
no_pid_85,1210
G34L-Q49,1211
L1BF-JFG,1211
LTNS-8B1,1212
LVHT-BM8,1212
L1CD-H8T,1213
L1CD-MC2,1213
no_pid_2642,1213
G3WX-ZT5,1214
LLMP-J27,1214
G34X-8BN,1063
LB8B-6KF,316
LRRS-W1B,1215
no_pid_535,1215
G37K-7YZ,1216
LRTS-Y3T,1216
GSD1-SRQ,1217
no_pid_2448,1217
LXM4-SLX,654
no_pid_158,654
L5YR-D9D,1187
G3WD-PPY,860
G37R-Z6P,1218
no_pid_1482,1218
L18M-6DG,1219
L1LK-SB2,1219
G376-LNT,58
LR2K-3WK,1220
no_pid_1158,1220
LVW3-JYD,1221
no_pid_1899,1221
GMYV-9QK,1222
no_pid_2068,1222
G33T-QPL,1223
no_pid_1916,1223
L6WY-BWP,1013
LBB6-JBV,1224
G9WR-NT5,1224
L2NT-255,1225
no_pid_413,1225
L1ZN-75Z,1226
L1ZN-QGV,1226
GM52-D15,1227
LJJB-BZ3,1227
LV45-NYB,1228
L16J-87V,1228
KLF7-DPT,1229
L4R1-K41,1229
L18W-4H1,1230
L187-TNR,1230
G3QX-2VS,1231
GS83-24L,1231
L2KK-NGV,1232
L2KK-N59,1232
G3W6-J55,1233
no_pid_2350,1233
GM8C-WTP,1234
GMTL-RTF,1234
L26M-YRF,1235
L26M-BQ4,1235
G9Y6-MTK,1236
G9YD-BLR,1236
G33T-MJW,1237
no_pid_1045,1237
G3W3-MRD,1238
G3WS-YJQ,1238
LH9Q-L95,630
LBDG-GN6,1239
LWF2-GLL,1239
G37R-CJ2,1240
no_pid_2273,1240
LTKY-LKR,1241
LCDH-4C8,1241
L2N9-8F2,1242
no_pid_2195,1242
GM6S-4YM,1243
no_pid_497,1243
G33Y-6BK,1205
L87M-KNP,1244
no_pid_332,1244
GM6N-PXM,1245
no_pid_1371,1245
G3WS-VF2,1246
GSJ8-DYF,1246
9FM9-Q3F,1247
no_pid_1961,1247
LTT8-SKC,1248
no_pid_2627,1248
G37Y-FMS,1249
no_pid_2311,1249
L2JT-BC3,1100
G37X-3BY,1250
G9RX-4R7,1250
G33T-MBH,1251
LY8V-N3N,1251
KD1M-SB5,1252
K633-WCW,1252
G37K-M4Q,1253
no_pid_2281,1253
G37F-315,1254
LH1D-82V,1254
9KM8-3HR,1255
L87M-N21,1255
G33R-F4Z,1256
K2YC-K7N,1256
GSL7-ZRS,1257
no_pid_1769,1257
G3W6-2BK,943
L5DT-Q7T,1258
no_pid_311,1258
L5DT-912,1258
G37R-1J4,1259
no_pid_1488,1259
G37F-79Z,1260
LYN4-TQ2,1260
G37K-HVN,1261
KD9D-Q9J,1261
G3QL-9W5,610
LRJ9-6G1,1262
no_pid_2396,1262
G33L-BNS,1263
G33G-9PW,1263
G94W-TW3,1264
LHJ9-KJ2,1264
GSLQ-NZF,1265
no_pid_1643,1265
GMZT-BJP,1266
no_pid_508,1266
G3W2-C89,1231
no_pid_30,1267
LB2H-9HN,1267
L8QP-L6Y,1258
9QXR-G7S,1268
9WY8-HXJ,1268
KZQK-R5J,1269
LVKR-SZJ,1269
GSSV-M3T,1270
L141-695,1270
L5R5-S79,1271
L5R5-S9X,1271
L5G2-KX4,1272
no_pid_1739,1272
no_pid_1764,1273
L2MD-YNQ,1273
no_pid_1828,1274
G3SP-Z1C,1274
no_pid_1830,1274
no_pid_1853,1275
G3S5-3F5,1275
no_pid_1884,1276
G37R-VFN,1276
no_pid_1895,1277
LRBR-QZJ,1277
no_pid_1898,1278
GMBC-NPD,1278
no_pid_1907,1237
no_pid_1920,1279
L2VD-XDV,1279
no_pid_1922,1280
no_pid_129,1280
no_pid_1924,1281
no_pid_130,1281
no_pid_1947,1282
no_pid_1112,1282
no_pid_1964,1283
G3Q4-YHG,1283
no_pid_1986,1111
no_pid_2021,1284
no_pid_2022,1284
G3WK-P3J,1285
G3WK-N9H,1285
no_pid_2061,1286
LJ2G-GRL,1286
no_pid_2063,1181
no_pid_2078,1287
no_pid_305,1287
no_pid_2083,1288
GSVZ-3CY,1288
no_pid_2113,1289
LYDR-XZD,1289
no_pid_2135,1290
LBSX-TRD,1290
no_pid_2137,735
no_pid_2160,1291
no_pid_1349,1291
no_pid_2171,1292
no_pid_397,1292
no_pid_2177,1293
L5RD-3X4,1293
no_pid_2213,1294
LJVW-N5P,1294
LTQ8-7V4,1295
no_pid_466,1295
no_pid_2244,1296
G34X-ZY4,1296
no_pid_2277,1297
GS66-WGZ,1297
no_pid_2288,743
no_pid_2314,1298
no_pid_554,1298
no_pid_2324,1299
L7L2-XVS,1299
no_pid_2342,1300
G978-MFQ,1300
no_pid_2357,1301
KW6W-F6T,1301
no_pid_2364,1155
no_pid_2378,1302
GSG4-GT4,1302
no_pid_2409,1303
LTDJ-978,1303
no_pid_2456,1304
no_pid_687,1304
no_pid_2471,1305
GS6C-S6X,1305
9V4S-7NR,1306
no_pid_1642,1306
no_pid_2509,1307
LYDL-QG6,1307
no_pid_2526,1308
G3WD-8RF,1308
no_pid_2534,1309
G3HQ-QNY,1309
GS5M-YQL,1310
no_pid_802,1310
no_pid_2593,1311
LBK6-JV8,1311
no_pid_2652,1312
no_pid_1805,1312
no_pid_2653,1313
GM5M-NR9,1313
G39B-XFG,1314
no_pid_926,1314
no_pid_2663,1315
no_pid_930,1315
no_pid_2673,1316
no_pid_939,1316
